{
	"schemaVersion": 1,
	"id": "chaosmod",
	"version": "${version}",
	"name": "Chaos Mod",
	"description": "A chaotic mod that adds various challenging effects to Minecraft!",
	"authors": [
		"ChaosMod Developer"
	],
	"contact": {
		"homepage": "https://fabricmc.net/",
		"sources": "https://github.com/FabricMC/fabric-example-mod"
	},
	"license": "CC0-1.0",
	"icon": "assets/chaosmod/icon.png",
	"environment": "*",
	"entrypoints": {
		"main": [
			"com.example.ChaosMod"
		],
		"client": [
			"com.example.ChaosModClient"
		]
	},
	"mixins": [
		"modid.mixins.json",
		{
			"config": "modid.client.mixins.json",
			"environment": "client"
		}
	],
	"depends": {
		"fabricloader": ">=0.17.2",
		"minecraft": "~1.21",
		"java": ">=21",
		"fabric-api": "0.102.0+1.21"
	},
	"suggests": {
		"another-mod": "*"
	}
}